subj,exp_id,ses_id,marker,object,timestamp,x,y,duration,msrn,msrt
016,1,1,None,None,0.049002,1661.579520,821.480400,0.016431,0.000000,0.000000
016,1,1,None,None,0.082237,1647.729280,848.563200,0.049231,0.000000,0.000000
016,1,1,None,None,0.312092,1040.819383,0.000000,0.114989,0.000000,0.000000
016,1,1,None,None,0.936564,214.638720,893.721600,0.016176,0.000000,0.000000
016,1,1,None,None,1.018501,239.744640,1024.102800,0.049298,0.000000,0.000000
016,1,1,None,None,1.084245,205.654800,945.491400,0.131530,0.000000,0.000000
016,1,1,None,None,1.231740,225.165989,965.778943,0.690457,0.000000,0.000000
016,1,1,None,None,1.938454,200.342400,958.986000,0.049346,0.000000,0.000000
016,1,1,None,None,2.004177,229.726080,1058.664600,0.032556,0.000000,0.000000
016,1,1,None,None,2.086538,213.654240,930.170700,0.196974,0.000000,0.000000
016,1,1,None,None,2.349372,249.927680,1027.069200,0.147424,0.000000,0.000000
016,1,1,None,None,2.513340,261.477120,978.350400,0.016812,0.000000,0.000000
016,1,1,None,None,2.628596,975.379200,0.000000,0.016331,0.000000,0.000000
016,1,1,None,None,2.661343,980.012951,0.000000,0.279230,0.000000,0.000000
016,1,1,None,None,3.121454,1762.018560,1004.745600,0.016339,0.000000,0.000000
016,1,1,None,None,3.154025,1708.513963,1076.130720,0.739484,0.000000,0.000000
016,1,1,None,None,3.926133,1776.764160,985.982400,0.049142,0.000000,0.000000
016,1,1,None,None,4.024521,1697.981638,1075.759724,0.903947,0.000000,0.000000
016,1,1,None,None,4.944847,1649.871360,1074.524400,0.016502,0.000000,0.000000
011,1,1,None,None,0.049450,1599.932160,847.281600,0.016771,0.000000,0.000000
011,1,1,None,None,0.099161,1651.426944,915.422040,0.163712,0.000000,0.000000
011,1,1,None,None,0.328691,1697.391360,1009.616400,0.016618,0.000000,0.000000
011,1,1,None,None,0.361834,1727.516160,999.943200,0.049458,0.000000,0.000000
011,1,1,None,None,0.723374,271.669120,638.474400,0.049034,0.000000,0.000000
011,1,1,None,None,1.166212,1380.109440,674.546400,0.016451,0.000000,0.000000
011,1,1,None,None,1.199155,1384.116480,651.099600,0.016571,0.000000,0.000000
011,1,1,None,None,1.610445,185.477760,946.771200,0.016550,0.000000,0.000000
011,1,1,None,None,1.643273,205.532640,887.415750,0.427057,0.000000,0.000000
011,1,1,None,None,2.086958,182.820480,963.856800,0.016337,0.000000,0.000000
011,1,1,None,None,2.119683,196.539733,940.972200,0.295237,0.000000,0.000000
011,1,1,None,None,2.464477,208.147200,1015.729200,0.016357,0.000000,0.000000
011,1,1,None,None,2.529915,174.385920,890.778600,0.033101,0.000000,0.000000
011,1,1,None,None,2.678373,258.634240,1080.000000,0.048934,0.000000,0.000000
011,1,1,None,None,2.760334,185.818822,1080.000000,0.180835,0.000000,0.000000
011,1,1,None,None,3.056148,217.679863,743.556857,0.229730,0.000000,0.000000
011,1,1,None,None,3.318703,287.688960,811.171800,0.033050,0.000000,0.000000
011,1,1,None,None,3.466951,197.803536,971.197020,0.657084,0.000000,0.000000
011,1,1,None,None,4.140458,204.991200,1006.956900,0.065769,0.000000,0.000000
011,1,1,None,None,4.222449,224.103331,969.614509,0.541870,0.000000,0.000000
011,1,1,None,None,4.780702,250.191360,982.098000,0.016402,0.000000,0.000000
018,1,1,None,None,0.049491,948.583680,342.414000,0.016622,0.000000,0.304145
018,1,1,None,None,0.082445,958.591543,300.159771,0.115128,0.000000,0.304145
018,1,1,None,None,0.295862,952.824960,0.000000,0.049534,0.000000,0.304145
018,1,1,None,None,0.361428,971.458560,0.000000,0.016893,0.000000,0.304145
018,1,1,None,None,0.493157,307.885440,825.935400,0.033003,0.000000,0.304145
018,1,1,None,None,0.640979,279.427200,933.967800,0.032607,0.000000,0.304145
018,1,1,None,None,0.706618,264.171840,923.481000,0.032992,0.000000,0.304145
018,1,1,None,None,0.952875,1820.728320,892.080000,0.016441,0.000000,0.304145
018,1,1,None,None,1.018657,1810.680480,968.803200,0.066059,0.000000,0.304145
018,1,1,None,None,1.298168,952.116480,0.000000,0.016466,0.000000,0.304145
018,1,1,None,None,1.330810,935.382180,0.000000,1.577071,0.000000,0.304145
018,1,1,None,None,2.957363,1011.273425,6.887782,0.542132,0.000000,0.304145
018,1,1,None,None,3.548894,1100.802080,15.436800,0.196723,1.000000,0.304145
018,1,1,None,None,3.877480,911.801760,34.584300,0.065770,0.000000,0.304145
018,1,1,None,None,4.025135,923.733120,191.343600,0.016498,0.000000,0.304145
018,1,1,None,None,4.353309,944.117376,0.000000,0.082564,0.000000,0.304145
018,1,1,None,None,4.485094,1020.771840,126.284400,0.016757,0.000000,0.304145
018,1,1,None,None,4.550619,968.596341,0.000000,0.378204,0.000000,0.304145
018,1,1,None,None,4.945288,936.606720,0.000000,0.016441,0.000000,0.304145
012,1,1,None,None,0.082128,1614.380160,948.210300,0.065717,0.000000,0.000000
012,1,1,None,None,0.164178,1628.843520,957.927600,0.016451,0.000000,0.000000
012,1,1,None,None,0.361359,892.533120,226.000800,0.016497,0.000000,0.000000
012,1,1,None,None,0.476503,940.446720,0.000000,0.032680,0.000000,0.000000
012,1,1,None,None,0.574961,939.738240,268.120800,0.016385,0.000000,0.000000
012,1,1,None,None,0.722848,882.746880,0.000000,0.016214,0.000000,0.000000
012,1,1,None,None,0.854266,157.787520,1049.965200,0.016447,0.000000,0.000000
012,1,1,None,None,0.952822,88.375680,939.427200,0.016370,0.000000,0.000000
012,1,1,None,None,1.067724,203.934720,990.111600,0.016543,0.000000,0.000000
012,1,1,None,None,1.149984,156.155520,893.041200,0.032876,0.000000,0.000000
012,1,1,None,None,1.215708,218.731200,939.986100,0.065708,0.000000,0.000000
012,1,1,None,None,1.412707,193.430400,964.832400,0.098695,0.000000,0.000000
012,1,1,None,None,1.593587,236.080800,1004.410800,0.065690,0.000000,0.000000
012,1,1,None,None,1.675673,203.773440,1034.564400,0.016443,0.000000,0.000000
012,1,1,None,None,1.757929,190.846080,973.749600,0.016320,0.000000,0.000000
012,1,1,None,None,1.790756,192.827520,969.472800,0.032828,0.000000,0.000000
012,1,1,None,None,1.889261,181.536000,828.993600,0.049165,0.000000,0.000000
012,1,1,None,None,1.954935,153.185280,814.039200,0.016392,0.000000,0.000000
012,1,1,None,None,2.086379,264.019200,1016.121600,0.049257,0.000000,0.000000
012,1,1,None,None,2.184999,211.679040,937.386000,0.032731,0.000000,0.000000
012,1,1,None,None,2.267085,167.247360,1080.000000,0.016534,0.000000,0.000000
012,1,1,None,None,2.316396,220.885440,928.551600,0.032877,0.000000,0.000000
012,1,1,None,None,2.398570,186.147840,916.498800,0.016420,0.000000,0.000000
012,1,1,None,None,2.546431,192.228480,862.779600,0.016283,0.000000,0.000000
012,1,1,None,None,2.612085,209.799360,690.006600,0.032753,0.000000,0.000000
012,1,1,None,None,2.677858,181.870080,876.193200,0.016339,0.000000,0.000000
012,1,1,None,None,2.727052,196.386560,762.552000,0.049326,0.000000,0.000000
012,1,1,None,None,2.842121,250.700160,958.284000,0.016430,0.000000,0.000000
012,1,1,None,None,2.907783,127.643520,834.386400,0.016499,0.000000,0.000000
012,1,1,None,None,2.989788,246.703200,985.626900,0.065835,0.000000,0.000000
012,1,1,None,None,3.121268,187.303680,812.959200,0.016534,0.000000,0.000000
012,1,1,None,None,3.187097,201.980160,959.126400,0.016431,0.000000,0.000000
012,1,1,None,None,3.384217,252.384640,928.591200,0.049318,0.000000,0.000000
012,1,1,None,None,3.466344,313.944960,1080.000000,0.016414,0.000000,0.000000
012,1,1,None,None,3.597815,167.387520,761.173200,0.032786,0.000000,0.000000
012,1,1,None,None,3.745665,225.859200,1080.000000,0.032787,0.000000,0.000000
012,1,1,None,None,3.860697,203.848320,950.486400,0.016409,0.000000,0.000000
012,1,1,None,None,3.893532,271.008960,838.701000,0.032845,0.000000,0.000000
012,1,1,None,None,4.008515,150.619520,785.322000,0.049237,0.000000,0.000000
012,1,1,None,None,4.139992,286.663680,940.485600,0.016368,0.000000,0.000000
012,1,1,None,None,4.222086,187.357440,838.155600,0.016369,0.000000,0.000000
012,1,1,None,None,4.287718,272.471040,1000.922400,0.016509,0.000000,0.000000
012,1,1,None,None,4.353528,202.942080,832.636800,0.016362,0.000000,0.000000
012,1,1,None,None,4.402662,254.728320,913.939200,0.016455,0.000000,0.000000
012,1,1,None,None,4.468435,201.342720,801.608400,0.016559,0.000000,0.000000
012,1,1,None,None,4.534235,207.941760,947.073600,0.016345,0.000000,0.000000
012,1,1,None,None,4.599853,163.618560,776.865600,0.016404,0.000000,0.000000
012,1,1,None,None,4.682092,226.225920,919.393200,0.016442,0.000000,0.000000
012,1,1,None,None,4.764106,191.698560,838.458000,0.016593,0.000000,0.000000
015,1,1,None,None,0.049263,806.532480,429.656400,0.016437,0.000000,0.000000
015,1,1,None,None,0.082052,825.183360,334.065600,0.049313,0.000000,0.000000
015,1,1,None,None,0.197109,852.037440,453.438000,0.032868,0.000000,0.000000
015,1,1,None,None,0.328562,841.578240,127.197000,0.032774,0.000000,0.000000
015,1,1,None,None,0.443468,971.306400,0.000000,0.131497,0.000000,0.000000
015,1,1,None,None,0.591351,971.491200,9.655200,0.016443,0.000000,0.000000
015,1,1,None,None,1.412819,1343.690880,554.374800,0.016431,0.000000,0.000000
015,1,1,None,None,1.626367,1019.896320,15.498000,0.016398,0.000000,0.000000
015,1,1,None,None,1.659295,1045.760160,6.426000,0.131332,0.000000,0.000000
015,1,1,None,None,1.839854,965.541342,0.057738,0.427257,0.000000,0.000000
015,1,1,None,None,2.283337,980.248476,2.470670,2.168739,0.000000,0.000000
015,1,1,None,None,4.501381,1126.970806,0.000000,0.427034,0.000000,0.000000
015,1,1,None,None,4.944885,1158.288000,0.000000,0.016370,0.000000,0.000000
014,1,1,None,None,0.049187,965.345280,54.226800,0.016587,0.000000,0.498869
014,1,1,None,None,0.082077,963.864320,12.286800,0.394291,0.000000,0.498869
014,1,1,None,None,0.854263,572.935680,124.618114,0.115022,0.000000,0.498869
014,1,1,None,None,1.034974,642.761280,261.916200,0.032805,0.000000,0.498869
014,1,1,None,None,1.117016,565.140480,183.573000,0.065820,0.000000,0.498869
014,1,1,None,None,1.199252,563.791200,229.996800,0.065714,0.000000,0.498869
014,1,1,None,None,2.759899,152.979840,750.222000,0.016506,0.000000,0.498869
014,1,1,None,None,2.858487,260.903360,1000.220400,0.098634,0.000000,0.498869
014,1,1,None,None,3.022832,146.150400,972.945000,0.032752,0.000000,0.498869
014,1,1,None,None,3.088406,217.764480,1012.305600,0.032957,0.000000,0.498869
014,1,1,None,None,3.203469,152.836480,869.940000,0.098703,0.000000,0.498869
014,1,1,None,None,3.334956,211.246720,942.987600,0.049289,0.000000,0.498869
014,1,1,None,None,3.417082,145.482432,944.299080,0.164326,1.000000,0.498869
014,1,1,None,None,3.614306,137.974080,848.631600,0.032735,0.000000,0.498869
014,1,1,None,None,3.712781,258.522240,1065.265200,0.049330,0.000000,0.498869
014,1,1,None,None,3.794843,167.280000,985.356000,0.049365,0.000000,0.498869
014,1,1,None,None,3.877086,218.254818,1076.247415,0.213587,0.000000,0.498869
014,1,1,None,None,4.156375,149.556480,956.939400,0.032728,0.000000,0.498869
014,1,1,None,None,4.254837,228.080640,1064.530800,0.049304,0.000000,0.498869
014,1,1,None,None,4.337085,149.160320,1050.368400,0.049267,0.000000,0.498869
014,1,1,None,None,4.419240,237.199680,1080.000000,0.032745,0.000000,0.498869
014,1,1,None,None,4.517797,210.587520,956.491200,0.016390,0.000000,0.498869
014,1,1,None,None,4.599916,234.152960,1080.000000,0.049294,0.000000,0.498869
014,1,1,None,None,4.698530,185.186880,962.177400,0.032810,0.000000,0.498869
014,1,1,None,None,4.780603,241.328935,1068.997292,0.213572,0.000000,0.498869
013,1,1,None,None,0.049082,984.213120,34.398000,0.016501,0.000000,0.000000
013,1,1,None,None,0.081985,966.247872,0.576720,0.312172,0.000000,0.000000
013,1,1,None,None,0.509187,504.856320,613.580400,0.016419,0.000000,0.000000
013,1,1,None,None,0.542097,518.485744,573.633307,0.673471,0.000000,0.000000
013,1,1,None,None,1.494985,1617.331200,1015.210800,0.016235,0.000000,0.000000
013,1,1,None,None,1.839848,945.744000,0.000000,0.016429,0.000000,0.000000
013,1,1,None,None,1.872707,912.901735,1.459246,0.854354,0.000000,0.000000
013,1,1,None,None,2.792724,922.627200,276.777000,0.032852,0.000000,0.000000
013,1,1,None,None,2.841959,895.107840,155.617200,0.032877,0.000000,0.000000
013,1,1,None,None,2.940563,970.120320,306.968400,0.016528,0.000000,0.000000
013,1,1,None,None,3.006272,943.032960,160.482600,0.032930,0.000000,0.000000
013,1,1,None,None,3.104889,944.108160,338.018400,0.032856,0.000000,0.000000
013,1,1,None,None,3.219884,867.465600,84.618000,0.016380,0.000000,0.000000
013,1,1,None,None,3.285557,879.108480,239.133600,0.016476,0.000000,0.000000
013,1,1,None,None,3.351386,870.338880,100.861200,0.032632,0.000000,0.000000
013,1,1,None,None,3.417065,870.551040,191.617200,0.049248,0.000000,0.000000
013,1,1,None,None,3.499132,861.957120,107.408160,0.082166,0.000000,0.000000
013,1,1,None,None,3.663454,855.475200,260.020800,0.065694,0.000000,0.000000
013,1,1,None,None,3.811248,959.303040,66.376800,0.032875,0.000000,0.000000
013,1,1,None,None,3.877023,988.492999,124.039490,0.607864,0.000000,0.000000
013,1,1,None,None,4.501316,999.927648,123.837120,0.328539,0.000000,0.000000
013,1,1,None,None,4.879145,970.311936,0.000000,0.082136,0.000000,0.000000
013,1,1,None,None,4.977709,980.411520,0.000000,0.016380,0.000000,0.000000
010,1,1,None,None,0.048905,923.852160,0.000000,0.016864,0.000000,0.457104
010,1,1,None,None,0.081971,967.759832,0.000000,0.312247,0.000000,0.457104
010,1,1,None,None,0.574672,1382.442240,629.488800,0.016549,0.000000,0.457104
010,1,1,None,None,0.706040,1665.509760,841.006800,0.016841,0.000000,0.457104
010,1,1,None,None,0.739259,1723.182720,896.518800,0.016587,0.000000,0.457104
010,1,1,None,None,0.772082,1688.042240,791.085600,0.049512,0.000000,0.457104
010,1,1,None,None,0.903637,1628.217600,1034.802000,0.016043,0.000000,0.457104
010,1,1,None,None,0.952748,1710.956160,1012.446000,0.049562,0.000000,0.457104
010,1,1,None,None,1.035032,1636.422960,1058.566050,0.131463,0.000000,0.457104
010,1,1,None,None,1.330549,958.080840,0.000000,0.262846,0.000000,0.457104
010,1,1,None,None,1.626146,893.217024,0.000000,0.082162,0.000000,0.457104
010,1,1,None,None,1.955038,313.735680,790.700400,0.049069,0.000000,0.457104
010,1,1,None,None,2.020306,327.926949,873.428400,0.115371,0.000000,0.457104
010,1,1,None,None,2.217592,287.728582,1046.953964,0.181079,1.000000,0.457104
010,1,1,None,None,2.447866,258.048960,952.831800,0.098686,0.000000,0.457104
010,1,1,None,None,2.710374,1693.076160,876.344400,0.032839,0.000000,0.457104
010,1,1,None,None,2.759511,1687.613184,799.800480,0.082201,0.000000,0.457104
010,1,1,None,None,2.874805,1601.422629,891.462857,0.115336,0.000000,0.457104
010,1,1,None,None,3.055451,1649.718720,759.297600,0.098651,0.000000,0.457104
010,1,1,None,None,3.219851,1659.020160,929.005200,0.016704,0.000000,0.457104
010,1,1,None,None,3.252724,1656.679920,844.056450,0.131373,0.000000,0.457104
010,1,1,None,None,3.416638,1708.245120,781.779600,0.017007,0.000000,0.457104
010,1,1,None,None,3.482782,1616.496000,820.134000,0.049006,0.000000,0.457104
010,1,1,None,None,3.564540,1664.332800,889.088400,0.016430,0.000000,0.457104
010,1,1,None,None,3.613801,1659.947520,943.844400,0.016507,0.000000,0.457104
010,1,1,None,None,3.712377,1731.617280,641.692800,0.016542,0.000000,0.457104
010,1,1,None,None,3.794497,1682.494720,956.307600,0.049308,0.000000,0.457104
010,1,1,None,None,3.893179,1604.889600,1023.840000,0.032882,0.000000,0.457104
010,1,1,None,None,4.090609,1710.211200,742.770000,0.016439,0.000000,0.457104
010,1,1,None,None,4.123596,1662.119040,695.509200,0.065897,0.000000,0.457104
010,1,1,None,None,4.205869,1638.153600,788.896800,0.015681,0.000000,0.457104
017,1,1,None,None,0.049308,932.956800,256.651200,0.016592,0.000000,0.364333
017,1,1,None,None,0.148317,917.988480,354.126600,0.032416,0.000000,0.364333
017,1,1,None,None,0.279472,929.890560,0.000000,0.016628,0.000000,0.364333
017,1,1,None,None,0.328939,924.041280,60.180300,0.065684,0.000000,0.364333
017,1,1,None,None,0.410921,910.125440,8.866800,0.049433,0.000000,0.364333
017,1,1,None,None,0.492775,955.204480,87.343200,0.049570,0.000000,0.364333
017,1,1,None,None,0.574750,930.625280,0.000000,0.098763,0.000000,0.364333
017,1,1,None,None,0.837974,1585.086080,906.465600,0.049066,0.000000,0.364333
017,1,1,None,None,0.953313,1716.839040,936.345600,0.048667,0.000000,0.364333
017,1,1,None,None,1.232206,282.338194,815.984743,0.115283,0.000000,0.364333
017,1,1,None,None,1.429592,242.766022,986.243236,0.180556,0.000000,0.364333
017,1,1,None,None,1.643021,227.220480,975.564000,0.016177,0.000000,0.364333
017,1,1,None,None,1.692488,222.190629,953.326800,0.114544,0.000000,0.364333
017,1,1,None,None,1.856312,307.005120,1021.707000,0.032851,0.000000,0.364333
017,1,1,None,None,1.955072,178.172160,894.537000,0.033017,0.000000,0.364333
017,1,1,None,None,2.037283,305.233920,1045.234800,0.032858,0.000000,0.364333
017,1,1,None,None,2.103052,266.942592,968.673600,0.082345,0.000000,0.364333
017,1,1,None,None,2.217633,208.172012,952.980369,0.214043,0.000000,0.364333
017,1,1,None,None,2.480976,282.674560,1060.362000,0.049349,0.000000,0.364333
017,1,1,None,None,2.595759,219.011520,941.662800,0.032935,0.000000,0.364333
017,1,1,None,None,2.661441,256.234240,994.345200,0.098769,0.000000,0.364333
017,1,1,None,None,2.825522,233.211410,1080.000000,0.476988,0.000000,0.364333
017,1,1,None,None,3.318641,219.987545,1080.000000,0.213483,1.000000,0.364333
017,1,1,None,None,3.548747,219.951360,1080.000000,0.016345,0.000000,0.364333
017,1,1,None,None,3.926675,170.638080,631.260000,0.016328,0.000000,0.364333
017,1,1,None,None,3.959203,203.210880,641.984400,0.016901,0.000000,0.364333
017,1,1,None,None,4.057647,240.589440,722.736000,0.016502,0.000000,0.364333
017,1,1,None,None,4.139777,228.224640,622.947600,0.049427,0.000000,0.364333
017,1,1,None,None,4.238527,229.535314,716.762057,0.230110,0.000000,0.364333
017,1,1,None,None,4.485251,277.992960,753.792480,0.082002,0.000000,0.364333
017,1,1,None,None,4.682424,200.171520,577.254600,0.032688,0.000000,0.364333
017,1,1,None,None,4.764477,242.242773,642.552000,0.147923,0.000000,0.364333
017,1,1,None,None,4.928782,246.833280,724.183200,0.016496,0.000000,0.364333
005,1,1,None,None,0.163969,950.290560,9.676800,0.016443,0.000000,0.000000
005,1,1,None,None,0.196810,959.933760,7.060886,0.230007,0.000000,0.000000
005,1,1,None,None,0.574645,195.749760,926.996400,0.032898,0.000000,0.000000
005,1,1,None,None,0.656774,258.232320,982.611000,0.032929,0.000000,0.000000
005,1,1,None,None,0.755365,234.207360,836.794800,0.016391,0.000000,0.000000
005,1,1,None,None,0.853881,238.851840,1058.076000,0.016442,0.000000,0.000000
005,1,1,None,None,0.903167,251.371008,995.131440,0.164397,0.000000,0.000000
005,1,1,None,None,1.166083,123.832320,793.951200,0.016498,0.000000,0.000000
005,1,1,None,None,1.231893,268.163520,932.558400,0.032765,0.000000,0.000000
005,1,1,None,None,1.281101,184.116480,845.575200,0.016342,0.000000,0.000000
005,1,1,None,None,1.363227,244.354560,1012.213800,0.065696,0.000000,0.000000
005,1,1,None,None,1.461790,198.999680,925.624800,0.049286,0.000000,0.000000
005,1,1,None,None,1.543914,198.664320,969.051600,0.016478,0.000000,0.000000
005,1,1,None,None,1.576792,279.798400,1040.137200,0.049296,0.000000,0.000000
005,1,1,None,None,1.675397,228.981120,994.626000,0.016393,0.000000,0.000000
005,1,1,None,None,1.724668,262.880640,962.496000,0.016416,0.000000,0.000000
005,1,1,None,None,1.773874,267.888768,1012.683600,0.082220,0.000000,0.000000
005,1,1,None,None,1.872524,240.596736,988.981920,0.082144,0.000000,0.000000
005,1,1,None,None,1.971164,253.318080,1005.774300,0.065654,0.000000,0.000000
005,1,1,None,None,2.069734,226.553280,927.693000,0.065711,0.000000,0.000000
005,1,1,None,None,2.184662,287.268480,1080.000000,0.016411,0.000000,0.000000
005,1,1,None,None,2.250314,201.083520,940.183200,0.016515,0.000000,0.000000
005,1,1,None,None,2.431059,1522.464000,1048.096800,0.016353,0.000000,0.000000
005,1,1,None,None,2.464017,1555.520960,1080.000000,0.098478,0.000000,0.000000
005,1,1,None,None,2.661166,1692.514560,1060.614000,0.032794,0.000000,0.000000
005,1,1,None,None,2.710312,1697.510400,1061.748000,0.016515,0.000000,0.000000
005,1,1,None,None,2.923991,273.815280,1030.766850,0.131370,0.000000,0.000000
005,1,1,None,None,3.104679,205.015680,1030.735800,0.032847,0.000000,0.000000
005,1,1,None,None,3.170311,283.952640,1080.000000,0.016597,0.000000,0.000000
005,1,1,None,None,3.252586,213.075840,1035.904950,0.131302,0.000000,0.000000
005,1,1,None,None,3.416785,242.307840,1037.934000,0.016398,0.000000,0.000000
005,1,1,None,None,3.827477,230.912640,665.366400,0.016506,0.000000,0.000000
005,1,1,None,None,3.860355,246.281966,773.673429,0.115011,0.000000,0.000000
005,1,1,None,None,3.991795,251.628160,839.991600,0.049212,0.000000,0.000000
005,1,1,None,None,4.057545,274.766208,875.100240,0.082169,0.000000,0.000000
005,1,1,None,None,4.156043,237.285120,854.917200,0.016418,0.000000,0.000000
005,1,1,None,None,4.188948,266.413440,824.137200,0.016491,0.000000,0.000000
005,1,1,None,None,4.336736,242.788160,976.964400,0.098614,0.000000,0.000000
005,1,1,None,None,4.484639,264.177408,1043.791920,0.082140,0.000000,0.000000
005,1,1,None,None,4.583275,307.420800,1079.362800,0.016311,0.000000,0.000000
005,1,1,None,None,4.648933,220.480320,989.571600,0.032834,0.000000,0.000000
002,1,1,None,None,0.049025,1224.977280,429.062400,0.016696,0.000000,0.000000
002,1,1,None,None,0.130872,1275.836160,567.726300,0.197589,0.000000,0.000000
002,1,1,None,None,0.377903,1318.111269,523.170514,0.115009,0.000000,0.000000
002,1,1,None,None,0.509377,1312.663680,498.733200,0.016455,0.000000,0.000000
002,1,1,None,None,0.821081,945.041280,1080.000000,0.016794,0.000000,0.000000
002,1,1,None,None,0.854089,936.412800,1080.000000,0.032794,0.000000,0.000000
002,1,1,None,None,0.919794,895.591505,1069.480800,0.180823,0.000000,0.000000
002,1,1,None,None,1.117254,858.433280,1062.482400,0.048974,0.000000,0.000000
002,1,1,None,None,2.102692,958.682880,1035.633600,0.016529,0.000000,0.000000
002,1,1,None,None,2.184977,948.260160,883.542600,0.032875,0.000000,0.000000
002,1,1,None,None,2.250744,917.145600,962.393400,0.032782,0.000000,0.000000
002,1,1,None,None,2.299948,918.038040,946.599075,0.262634,0.000000,0.000000
002,1,1,None,None,2.579136,941.899520,1013.670000,0.049071,0.000000,0.000000
002,1,1,None,None,2.660939,903.957268,959.089846,0.214060,0.000000,0.000000
002,1,1,None,None,2.891450,935.650560,967.404600,0.197095,0.000000,0.000000
002,1,1,None,None,3.104838,995.438080,976.042800,0.049414,0.000000,0.000000
002,1,1,None,None,3.170608,936.859776,962.048880,0.082039,0.000000,0.000000
002,1,1,None,None,3.269271,925.566446,988.051114,0.229954,0.000000,0.000000
002,1,1,None,None,3.548252,911.861120,925.999200,0.049121,0.000000,0.000000
002,1,1,None,None,3.646668,925.577856,1019.945520,0.082068,0.000000,0.000000
002,1,1,None,None,3.761962,953.876160,1026.783000,0.032901,0.000000,0.000000
002,1,1,None,None,3.844324,900.310800,938.718450,0.131353,0.000000,0.000000
002,1,1,None,None,4.041033,910.903680,996.991200,0.016826,0.000000,0.000000
002,1,1,None,None,4.090727,904.213080,953.546850,0.262605,0.000000,0.000000
002,1,1,None,None,4.385979,1011.148800,1080.000000,0.033095,0.000000,0.000000
002,1,1,None,None,4.435793,908.419200,917.384400,0.032344,0.000000,0.000000
002,1,1,None,None,4.517688,952.137600,1012.446000,0.016607,0.000000,0.000000
002,1,1,None,None,4.616296,890.939040,937.334700,0.131134,0.000000,0.000000
002,1,1,None,None,4.763812,898.321920,938.444400,0.032921,0.000000,0.000000
002,1,1,None,None,4.813114,900.005760,945.475200,0.016470,0.000000,0.000000
008,1,1,None,None,0.082148,260.073600,929.199600,0.032904,0.000000,0.484971
008,1,1,None,None,0.180909,325.432896,1038.003120,0.164093,1.000000,0.484971
008,1,1,None,None,0.476627,1001.763840,0.000000,0.016221,0.000000,0.484971
008,1,1,None,None,0.509315,938.748213,5.246700,0.591370,0.000000,0.484971
008,1,1,None,None,1.166440,1001.000075,4.413945,1.199430,0.000000,0.484971
008,1,1,None,None,2.382179,1031.200640,120.247200,0.049435,0.000000,0.484971
008,1,1,None,None,2.480817,983.998080,0.000000,0.032888,0.000000,0.484971
008,1,1,None,None,2.530212,974.864640,68.014800,0.049364,0.000000,0.484971
008,1,1,None,None,2.595539,1007.258400,7.765200,0.065897,0.000000,0.484971
008,1,1,None,None,2.694259,929.386971,6.492343,0.460144,1.000000,0.484971
008,1,1,None,None,3.236528,955.852800,573.717600,0.213624,0.000000,0.484971
008,1,1,None,None,3.532112,950.418867,2.562912,1.231854,0.000000,0.484971
008,1,1,None,None,4.780546,953.022720,0.000000,0.016736,0.000000,0.484971
001,1,1,None,None,0.049081,158.759040,955.897200,0.016373,0.000000,1.574313
001,1,1,None,None,0.081878,191.216000,926.456400,0.049343,0.000000,1.574313
001,1,1,None,None,0.147614,207.103872,998.503200,0.082199,0.000000,1.574313
001,1,1,None,None,0.262677,226.410240,936.424800,0.016509,0.000000,1.574313
001,1,1,None,None,0.311934,238.732800,951.210000,0.016349,0.000000,1.574313
001,1,1,None,None,0.459770,947.364480,0.000000,0.016523,0.000000,1.574313
001,1,1,None,None,0.492694,964.695497,0.000000,0.114866,0.000000,1.574313
001,1,1,None,None,0.640506,1051.087360,0.000000,0.049373,0.000000,1.574313
001,1,1,None,None,0.854130,1695.319543,817.357114,0.229893,2.000000,1.574313
001,1,1,None,None,1.116978,1694.060928,840.004560,0.082157,0.000000,1.574313
001,1,1,None,None,1.215540,1662.191451,875.625429,0.114963,0.000000,1.574313
001,1,1,None,None,1.346970,1708.753920,795.819600,0.016400,0.000000,1.574313
001,1,1,None,None,1.527654,277.787040,955.438200,0.131455,0.000000,1.574313
001,1,1,None,None,1.708336,174.029760,855.187200,0.033000,0.000000,1.574313
001,1,1,None,None,1.790525,232.782720,944.470800,0.016471,0.000000,1.574313
001,1,1,None,None,1.856154,177.145920,874.308600,0.032962,0.000000,1.574313
001,1,1,None,None,1.905488,239.099520,942.321600,0.016367,0.000000,1.574313
001,1,1,None,None,1.954745,227.781120,858.718800,0.016463,0.000000,1.574313
001,1,1,None,None,2.036959,103.656960,921.121200,0.016469,0.000000,1.574313
001,1,1,None,None,2.069728,170.736000,960.508800,0.016419,0.000000,1.574313
001,1,1,None,None,2.217644,1731.671040,744.908400,0.016409,0.000000,1.574313
001,1,1,None,None,2.283237,1653.122560,860.248800,0.098686,0.000000,1.574313
001,1,1,None,None,2.414821,1647.046766,889.401600,0.114896,0.000000,1.574313
001,1,1,None,None,2.546177,1709.697995,803.532706,0.279310,0.000000,1.574313
001,1,1,None,None,2.973404,309.742080,966.891600,0.016418,0.000000,1.574313
001,1,1,None,None,3.006212,247.743360,936.184500,0.065663,0.000000,1.574313
001,1,1,None,None,3.104841,323.550720,957.036600,0.032854,0.000000,1.574313
001,1,1,None,None,3.269130,248.290560,1080.000000,0.016334,0.000000,1.574313
001,1,1,None,None,3.351254,147.881367,924.874691,0.180469,1.000000,1.574313
006,1,1,None,None,0.049635,907.835520,0.000000,0.016299,0.000000,0.637514
006,1,1,None,None,0.082561,945.147360,0.000000,0.196965,1.000000,0.637514
006,1,1,None,None,0.312527,841.124160,0.000000,0.032897,0.000000,0.637514
006,1,1,None,None,0.394568,951.430903,0.000000,0.230228,0.000000,0.637514
006,1,1,None,None,0.788635,201.711360,936.975600,0.032861,0.000000,0.637514
006,1,1,None,None,0.871101,210.453120,809.670600,0.032747,0.000000,0.637514
006,1,1,None,None,0.919800,237.923200,900.111600,0.049255,0.000000,0.637514
006,1,1,None,None,0.985771,225.102720,846.288000,0.032553,0.000000,0.637514
006,1,1,None,None,1.051303,296.657280,874.155600,0.049339,0.000000,0.637514
006,1,1,None,None,1.133642,227.521920,792.288000,0.016697,0.000000,0.637514
006,1,1,None,None,1.232456,87.311040,1031.983200,0.032883,0.000000,0.637514
006,1,1,None,None,1.298134,152.320560,1068.581700,0.131030,0.000000,0.637514
006,1,1,None,None,1.495203,257.398080,1066.586400,0.065848,0.000000,0.637514
006,1,1,None,None,1.577485,257.114880,1058.605200,0.016247,0.000000,0.637514
006,1,1,None,None,1.725212,949.183713,3.227338,0.476130,0.000000,0.637514
006,1,1,None,None,2.333096,1677.162240,1080.000000,0.016397,0.000000,0.637514
006,1,1,None,None,2.366079,1690.344960,1021.744800,0.032902,0.000000,0.637514
006,1,1,None,None,2.431842,1628.001600,1078.995600,0.032825,0.000000,0.637514
006,1,1,None,None,2.481136,1654.747680,1035.390600,0.065474,0.000000,0.637514
006,1,1,None,None,2.562886,1639.134360,1078.514325,0.263253,0.000000,0.637514
006,1,1,None,None,2.924679,1647.468480,751.453200,0.032874,0.000000,0.637514
006,1,1,None,None,2.973461,1695.088320,697.048200,0.066184,0.000000,0.637514
006,1,1,None,None,3.056074,1669.560000,771.869520,0.163893,0.000000,0.637514
006,1,1,None,None,3.301865,1620.911040,783.010800,0.033081,0.000000,0.637514
006,1,1,None,None,3.367814,1696.160640,794.242800,0.016330,0.000000,0.637514
006,1,1,None,None,3.483284,1656.306462,1032.741692,0.213607,1.000000,0.637514
006,1,1,None,None,3.745697,1624.632218,1080.000000,0.722789,0.000000,0.637514
006,1,1,None,None,4.633380,868.200000,13.397400,0.032204,0.000000,0.637514
006,1,1,None,None,4.682416,873.578880,0.000000,0.016506,0.000000,0.637514
006,1,1,None,None,4.714964,875.349120,0.000000,0.016888,0.000000,0.637514
007,1,1,None,None,0.049643,939.350400,0.000000,0.015867,0.000000,0.000000
007,1,1,None,None,0.082066,956.388069,1.140171,0.230110,0.000000,0.000000
007,1,1,None,None,0.624485,242.954880,863.503200,0.016594,0.000000,0.000000
007,1,1,None,None,0.920373,968.327040,0.000000,0.016304,0.000000,0.000000
007,1,1,None,None,0.952914,948.980480,0.000000,0.049444,0.000000,0.000000
007,1,1,None,None,1.018995,993.674880,0.950400,0.016176,0.000000,0.000000
007,1,1,None,None,1.314283,1662.756480,868.816800,0.016233,0.000000,0.000000
007,1,1,None,None,1.347176,1678.136320,918.777600,0.148004,0.000000,0.000000
007,1,1,None,None,1.544609,1646.729200,991.453950,0.394204,0.000000,0.000000
007,1,1,None,None,2.004503,1650.884480,910.984320,0.246455,0.000000,0.000000
007,1,1,None,None,2.316552,1596.340693,963.836400,0.147686,0.000000,0.000000
007,1,1,None,None,2.480700,1601.131126,928.950369,0.213601,0.000000,0.000000
007,1,1,None,None,2.727257,1698.995520,897.507000,0.032668,0.000000,0.000000
007,1,1,None,None,2.842321,1592.038080,1068.341400,0.032693,0.000000,0.000000
007,1,1,None,None,2.924232,1693.617600,922.266000,0.033002,0.000000,0.000000
007,1,1,None,None,2.973936,1638.168320,959.594400,0.049089,0.000000,0.000000
007,1,1,None,None,3.039489,1700.894080,946.562400,0.049139,0.000000,0.000000
007,1,1,None,None,3.138183,1627.894080,1078.682400,0.032807,0.000000,0.000000
007,1,1,None,None,3.236525,1706.501280,873.004500,0.065793,0.000000,0.000000
007,1,1,None,None,3.384456,1624.005669,1008.212400,0.115137,0.000000,0.000000
007,1,1,None,None,3.532249,1663.422080,921.873600,0.049066,0.000000,0.000000
007,1,1,None,None,3.630726,1596.427520,1034.838000,0.098904,0.000000,0.000000
007,1,1,None,None,3.762493,1641.098667,907.754400,0.476133,0.000000,0.000000
007,1,1,None,None,4.271558,1649.245440,923.443200,0.016676,0.000000,0.000000
009,1,1,None,None,0.230457,886.041600,348.008400,0.016485,0.000000,0.000000
009,1,1,None,None,0.312664,880.263360,38.241000,0.098484,0.000000,0.000000
009,1,1,None,None,0.427488,925.180800,45.792000,0.016647,0.000000,0.000000
009,1,1,None,None,0.460372,938.411520,91.422000,0.016554,0.000000,0.000000
009,1,1,None,None,0.640698,139.297920,1080.000000,0.016698,0.000000,0.000000
009,1,1,None,None,0.821913,120.710400,1080.000000,0.015936,0.000000,0.000000
009,1,1,None,None,0.870776,73.029120,1005.863400,0.066193,0.000000,0.000000
009,1,1,None,None,0.986055,211.192320,1046.935800,0.032611,0.000000,0.000000
009,1,1,None,None,1.429806,1642.625280,1072.731600,0.016333,0.000000,0.000000
009,1,1,None,None,1.511847,1621.630080,858.837600,0.032475,0.000000,0.000000
009,1,1,None,None,1.577104,1625.166480,948.377700,0.131399,0.000000,0.000000
009,1,1,None,None,1.741508,1612.039680,1080.000000,0.016434,0.000000,0.000000
009,1,1,None,None,1.922612,885.279663,0.000000,0.311908,0.000000,0.000000
009,1,1,None,None,2.300066,924.996480,224.240400,0.016314,0.000000,0.000000
009,1,1,None,None,2.382677,902.171392,2.404080,0.246318,0.000000,0.000000
009,1,1,None,None,2.645448,943.820400,0.000000,0.131174,0.000000,0.000000
009,1,1,None,None,2.907722,420.736320,718.837200,0.099083,0.000000,0.000000
009,1,1,None,None,3.072225,347.985600,567.394200,0.033274,0.000000,0.000000
009,1,1,None,None,3.220358,246.447360,934.383600,0.049400,0.000000,0.000000
009,1,1,None,None,3.286241,208.862880,916.609500,0.065664,0.000000,0.000000
009,1,1,None,None,3.368122,246.443520,900.439200,0.033027,0.000000,0.000000
009,1,1,None,None,3.417360,292.429440,882.835200,0.016665,0.000000,0.000000
009,1,1,None,None,3.482997,291.476480,1000.911600,0.049618,0.000000,0.000000
009,1,1,None,None,3.647428,179.538240,779.603400,0.033007,0.000000,0.000000
009,1,1,None,None,3.893977,684.563840,233.456400,0.048972,0.000000,0.000000
009,1,1,None,None,3.992181,727.513920,300.974400,0.032848,0.000000,0.000000
009,1,1,None,None,4.041465,710.952960,325.371600,0.016463,0.000000,0.000000
009,1,1,None,None,4.189561,317.995776,884.094480,0.081644,0.000000,0.000000
009,1,1,None,None,4.287848,317.368320,873.190800,0.016418,0.000000,0.000000
009,1,1,None,None,4.436179,793.647360,86.464800,0.016346,0.000000,0.000000
009,1,1,None,None,4.501530,897.802560,224.337600,0.032694,0.000000,0.000000
009,1,1,None,None,4.583886,834.082560,354.412800,0.016558,0.000000,0.000000
009,1,1,None,None,4.632771,892.855680,222.472800,0.049660,0.000000,0.000000
009,1,1,None,None,4.764455,953.249280,0.000000,0.016494,0.000000,0.000000
009,1,1,None,None,4.797281,925.288320,0.000000,0.016671,0.000000,0.000000
003,1,1,None,None,0.049784,245.051520,864.205200,0.016372,0.000000,0.405764
003,1,1,None,None,0.082655,238.093760,858.817800,0.196932,1.000000,0.405764
003,1,1,None,None,0.444052,870.818880,0.000000,0.032830,0.000000,0.405764
003,1,1,None,None,0.493097,886.915560,0.000000,0.262485,0.000000,0.405764
003,1,1,None,None,1.068295,997.017452,9.593723,0.213568,0.000000,0.405764
003,1,1,None,None,1.330927,879.201853,0.000000,0.624192,0.000000,0.405764
003,1,1,None,None,1.971473,861.504000,0.000000,0.016407,0.000000,0.405764
003,1,1,None,None,2.087059,1509.384960,661.359600,0.016076,0.000000,0.405764
003,1,1,None,None,2.119116,1510.735680,686.931300,0.066283,0.000000,0.405764
003,1,1,None,None,2.283770,1640.863754,890.975077,0.427402,0.000000,0.405764
003,1,1,None,None,2.727448,1547.782400,913.302000,0.049378,0.000000,0.405764
003,1,1,None,None,2.793246,1560.904747,846.794400,0.147624,0.000000,0.405764
003,1,1,None,None,3.006286,1688.277120,897.050541,0.279763,0.000000,0.405764
003,1,1,None,None,3.302597,1696.804224,820.136880,0.082060,0.000000,0.405764
003,1,1,None,None,3.417258,1711.950720,910.288800,0.033116,0.000000,0.405764
004,1,1,None,None,0.049101,199.345920,1007.424000,0.016405,0.000000,0.366670
004,1,1,None,None,0.081967,206.140080,967.283100,0.131420,0.000000,0.366670
004,1,1,None,None,0.394295,959.779200,141.156000,0.032680,0.000000,0.366670
004,1,1,None,None,0.492735,942.773760,0.000000,0.016516,0.000000,0.366670
004,1,1,None,None,0.624159,1594.877760,921.828600,0.032844,0.000000,0.366670
004,1,1,None,None,0.673383,1622.698560,861.132600,0.032828,0.000000,0.366670
004,1,1,None,None,0.854064,982.736000,0.000000,0.197157,0.000000,0.366670
004,1,1,None,None,1.067703,946.608000,0.000000,0.032909,0.000000,0.366670
004,1,1,None,None,1.314218,296.251242,857.177687,0.377730,0.000000,0.366670
004,1,1,None,None,1.806953,130.533120,842.756400,0.032908,0.000000,0.366670
004,1,1,None,None,1.856329,125.819520,837.410400,0.016377,0.000000,0.366670
004,1,1,None,None,2.332739,184.592640,885.524400,0.049240,0.000000,0.366670
004,1,1,None,None,2.414693,219.111078,921.335929,0.279456,0.000000,0.366670
004,1,1,None,None,2.710511,270.836736,868.890240,0.082087,0.000000,0.366670
004,1,1,None,None,2.841984,254.227920,817.599150,0.131459,0.000000,0.366670
004,1,1,None,None,3.006190,224.250240,762.701400,0.032880,0.000000,0.366670
004,1,1,None,None,3.104882,342.653440,941.889600,0.049242,0.000000,0.366670
004,1,1,None,None,3.170518,305.943040,886.296600,0.098598,0.000000,0.366670
004,1,1,None,None,3.285535,258.456960,844.027200,0.049328,0.000000,0.366670
004,1,1,None,None,3.367777,285.763200,964.717200,0.049284,0.000000,0.366670
004,1,1,None,None,3.466158,283.034240,835.111200,0.295789,0.000000,0.366670
004,1,1,None,None,3.778249,285.074743,900.939857,0.230131,1.000000,0.366670
004,1,1,None,None,4.024808,277.403246,821.900057,0.115035,0.000000,0.366670
004,1,1,None,None,4.189097,314.008025,920.619415,0.213632,0.000000,0.366670
004,1,1,None,None,4.435613,314.959360,851.774400,0.049275,0.000000,0.366670
004,1,1,None,None,4.501326,350.907840,918.939600,0.032809,0.000000,0.366670
004,1,1,None,None,4.599841,234.963840,840.024000,0.032918,0.000000,0.366670
004,1,1,None,None,4.649125,234.758400,872.694000,0.016308,0.000000,0.366670
